c3,Region
ABW,Latin America & Caribbean
AFG,South Asia
AGO,Sub-Saharan Africa
ALB,Europe & Central Asia
AND,Europe & Central Asia
ARE,Middle East & North Africa
ARG,Latin America & Caribbean
ARM,Europe & Central Asia
ASM,East Asia & Pacific
ATG,Latin America & Caribbean
AUS,East Asia & Pacific
AUT,Europe & Central Asia
AZE,Europe & Central Asia
BDI,Sub-Saharan Africa
BEL,Europe & Central Asia
BEN,Sub-Saharan Africa
BFA,Sub-Saharan Africa
BGD,South Asia
BGR,Europe & Central Asia
BHR,Middle East & North Africa
BHS,Latin America & Caribbean
BIH,Europe & Central Asia
BLR,Europe & Central Asia
BLZ,Latin America & Caribbean
BMU,North America
BOL,Latin America & Caribbean
BRA,Latin America & Caribbean
BRB,Latin America & Caribbean
BRN,East Asia & Pacific
BTN,South Asia
BWA,Sub-Saharan Africa
CAF,Sub-Saharan Africa
CAN,North America
CHE,Europe & Central Asia
CHI,Europe & Central Asia
CHL,Latin America & Caribbean
CHN,East Asia & Pacific
CIV,Sub-Saharan Africa
CMR,Sub-Saharan Africa
COD,Sub-Saharan Africa
COG,Sub-Saharan Africa
COL,Latin America & Caribbean
COM,Sub-Saharan Africa
CPV,Sub-Saharan Africa
CRI,Latin America & Caribbean
CUB,Latin America & Caribbean
CUW,Latin America & Caribbean
CYM,Latin America & Caribbean
CYP,Europe & Central Asia
CZE,Europe & Central Asia
DEU,Europe & Central Asia
DJI,Middle East & North Africa
DMA,Latin America & Caribbean
DNK,Europe & Central Asia
DOM,Latin America & Caribbean
DZA,Middle East & North Africa
ECU,Latin America & Caribbean
EGY,Middle East & North Africa
ERI,Sub-Saharan Africa
ESP,Europe & Central Asia
EST,Europe & Central Asia
ETH,Sub-Saharan Africa
FIN,Europe & Central Asia
FJI,East Asia & Pacific
FRA,Europe & Central Asia
FRO,Europe & Central Asia
FSM,East Asia & Pacific
GAB,Sub-Saharan Africa
GBR,Europe & Central Asia
GEO,Europe & Central Asia
GHA,Sub-Saharan Africa
GIB,Europe & Central Asia
GIN,Sub-Saharan Africa
GMB,Sub-Saharan Africa
GNB,Sub-Saharan Africa
GNQ,Sub-Saharan Africa
GRC,Europe & Central Asia
GRD,Latin America & Caribbean
GRL,Europe & Central Asia
GTM,Latin America & Caribbean
GUM,East Asia & Pacific
GUY,Latin America & Caribbean
HKG,East Asia & Pacific
HND,Latin America & Caribbean
HRV,Europe & Central Asia
HTI,Latin America & Caribbean
HUN,Europe & Central Asia
IDN,East Asia & Pacific
IMN,Europe & Central Asia
IND,South Asia
IRL,Europe & Central Asia
IRN,Middle East & North Africa
IRQ,Middle East & North Africa
ISL,Europe & Central Asia
ISR,Middle East & North Africa
ITA,Europe & Central Asia
JAM,Latin America & Caribbean
JOR,Middle East & North Africa
JPN,East Asia & Pacific
KAZ,Europe & Central Asia
KEN,Sub-Saharan Africa
KGZ,Europe & Central Asia
KHM,East Asia & Pacific
KIR,East Asia & Pacific
KNA,Latin America & Caribbean
KOR,East Asia & Pacific
KWT,Middle East & North Africa
LAO,East Asia & Pacific
LBN,Middle East & North Africa
LBR,Sub-Saharan Africa
LBY,Middle East & North Africa
LCA,Latin America & Caribbean
LIE,Europe & Central Asia
LKA,South Asia
LSO,Sub-Saharan Africa
LTU,Europe & Central Asia
LUX,Europe & Central Asia
LVA,Europe & Central Asia
MAC,East Asia & Pacific
MAF,Latin America & Caribbean
MAR,Middle East & North Africa
MCO,Europe & Central Asia
MDA,Europe & Central Asia
MDG,Sub-Saharan Africa
MDV,South Asia
MEX,Latin America & Caribbean
MHL,East Asia & Pacific
MKD,Europe & Central Asia
MLI,Sub-Saharan Africa
MLT,Middle East & North Africa
MMR,East Asia & Pacific
MNE,Europe & Central Asia
MNG,East Asia & Pacific
MNP,East Asia & Pacific
MOZ,Sub-Saharan Africa
MRT,Sub-Saharan Africa
MUS,Sub-Saharan Africa
MWI,Sub-Saharan Africa
MYS,East Asia & Pacific
NAM,Sub-Saharan Africa
NCL,East Asia & Pacific
NER,Sub-Saharan Africa
NGA,Sub-Saharan Africa
NIC,Latin America & Caribbean
NLD,Europe & Central Asia
NOR,Europe & Central Asia
NPL,South Asia
NRU,East Asia & Pacific
NZL,East Asia & Pacific
OMN,Middle East & North Africa
PAK,South Asia
PAN,Latin America & Caribbean
PER,Latin America & Caribbean
PHL,East Asia & Pacific
PLW,East Asia & Pacific
PNG,East Asia & Pacific
POL,Europe & Central Asia
PRI,Latin America & Caribbean
PRK,East Asia & Pacific
PRT,Europe & Central Asia
PRY,Latin America & Caribbean
PSE,Middle East & North Africa
PYF,East Asia & Pacific
QAT,Middle East & North Africa
ROU,Europe & Central Asia
RUS,Europe & Central Asia
RWA,Sub-Saharan Africa
SAU,Middle East & North Africa
SDN,Sub-Saharan Africa
SEN,Sub-Saharan Africa
SGP,East Asia & Pacific
SLB,East Asia & Pacific
SLE,Sub-Saharan Africa
SLV,Latin America & Caribbean
SMR,Europe & Central Asia
SOM,Sub-Saharan Africa
SRB,Europe & Central Asia
SSD,Sub-Saharan Africa
STP,Sub-Saharan Africa
SUR,Latin America & Caribbean
SVK,Europe & Central Asia
SVN,Europe & Central Asia
SWE,Europe & Central Asia
SWZ,Sub-Saharan Africa
SXM,Latin America & Caribbean
SYC,Sub-Saharan Africa
SYR,Middle East & North Africa
TCA,Latin America & Caribbean
TCD,Sub-Saharan Africa
TGO,Sub-Saharan Africa
THA,East Asia & Pacific
TJK,Europe & Central Asia
TKM,Europe & Central Asia
TLS,East Asia & Pacific
TON,East Asia & Pacific
TTO,Latin America & Caribbean
TUN,Middle East & North Africa
TUR,Europe & Central Asia
TUV,East Asia & Pacific
TWN,East Asia & Pacific
TZA,Sub-Saharan Africa
UGA,Sub-Saharan Africa
UKR,Europe & Central Asia
URY,Latin America & Caribbean
USA,North America
UZB,Europe & Central Asia
VCT,Latin America & Caribbean
VEN,Latin America & Caribbean
VGB,Latin America & Caribbean
VIR,Latin America & Caribbean
VNM,East Asia & Pacific
VUT,East Asia & Pacific
WSM,East Asia & Pacific
XKX,Europe & Central Asia
YEM,Middle East & North Africa
ZAF,Sub-Saharan Africa
ZMB,Sub-Saharan Africa
ZWE,Sub-Saharan Africa
,
ARB,
CSS,
CEB,
EAR,
EAS,
EAP,
TEA,
EMU,
ECS,
ECA,
TEC,
EUU,
FCS,
HPC,
HIC,
IBD,
IBT,
IDB,
IDX,
IDA,
LTE,
LCN,
LAC,
TLA,
LDC,
LMY,
LIC,
LMC,
MEA,
MNA,
TMN,
MIC,
NAC,
OED,
OSS,
PSS,
PST,
PRE,
SST,
SAS,
TSA,
SSF,
SSA,
TSS,
UMC,
WLD,
,
GroupName,CountryCode
Africa Eastern and Southern,AGO
Africa Eastern and Southern,BWA
Africa Eastern and Southern,BDI
Africa Eastern and Southern,COM
Africa Eastern and Southern,COD
Africa Eastern and Southern,ERI
Africa Eastern and Southern,SWZ
Africa Eastern and Southern,ETH
Africa Eastern and Southern,KEN
Africa Eastern and Southern,LSO
Africa Eastern and Southern,MDG
Africa Eastern and Southern,MWI
Africa Eastern and Southern,MUS
Africa Eastern and Southern,MOZ
Africa Eastern and Southern,NAM
Africa Eastern and Southern,RWA
Africa Eastern and Southern,STP
Africa Eastern and Southern,SYC
Africa Eastern and Southern,SOM
Africa Eastern and Southern,ZAF
Africa Eastern and Southern,SSD
Africa Eastern and Southern,SDN
Africa Eastern and Southern,TZA
Africa Eastern and Southern,UGA
Africa Eastern and Southern,ZMB
Africa Eastern and Southern,ZWE
Africa Western and Central,BEN
Africa Western and Central,BFA
Africa Western and Central,CPV
Africa Western and Central,CMR
Africa Western and Central,CAF
Africa Western and Central,TCD
Africa Western and Central,COG
Africa Western and Central,CIV
Africa Western and Central,GNQ
Africa Western and Central,GAB
Africa Western and Central,GMB
Africa Western and Central,GHA
Africa Western and Central,GIN
Africa Western and Central,GNB
Africa Western and Central,LBR
Africa Western and Central,MLI
Africa Western and Central,MRT
Africa Western and Central,NER
Africa Western and Central,NGA
Africa Western and Central,SEN
Africa Western and Central,SLE
Africa Western and Central,TGO
Arab World,DZA
Arab World,BHR
Arab World,COM
Arab World,DJI
Arab World,EGY
Arab World,IRQ
Arab World,JOR
Arab World,KWT
Arab World,LBN
Arab World,LBY
Arab World,MRT
Arab World,MAR
Arab World,OMN
Arab World,QAT
Arab World,SAU
Arab World,SOM
Arab World,SDN
Arab World,SYR
Arab World,TUN
Arab World,ARE
Arab World,PSE
Arab World,YEM
Central Europe and the Baltics,BGR
Central Europe and the Baltics,HRV
Central Europe and the Baltics,CZE
Central Europe and the Baltics,EST
Central Europe and the Baltics,HUN
Central Europe and the Baltics,LVA
Central Europe and the Baltics,LTU
Central Europe and the Baltics,POL
Central Europe and the Baltics,ROU
Central Europe and the Baltics,SVK
Central Europe and the Baltics,SVN
Caribbean small states,ATG
Caribbean small states,BHS
Caribbean small states,BRB
Caribbean small states,BLZ
Caribbean small states,DMA
Caribbean small states,GRD
Caribbean small states,GUY
Caribbean small states,JAM
Caribbean small states,KNA
Caribbean small states,LCA
Caribbean small states,VCT
Caribbean small states,SUR
Caribbean small states,TTO
East Asia & Pacific (excluding high income),ASM
East Asia & Pacific (excluding high income),KHM
East Asia & Pacific (excluding high income),CHN
East Asia & Pacific (excluding high income),FJI
East Asia & Pacific (excluding high income),IDN
East Asia & Pacific (excluding high income),KIR
East Asia & Pacific (excluding high income),PRK
East Asia & Pacific (excluding high income),LAO
East Asia & Pacific (excluding high income),MYS
East Asia & Pacific (excluding high income),MHL
East Asia & Pacific (excluding high income),FSM
East Asia & Pacific (excluding high income),MNG
East Asia & Pacific (excluding high income),MMR
East Asia & Pacific (excluding high income),PLW
East Asia & Pacific (excluding high income),PNG
East Asia & Pacific (excluding high income),PHL
East Asia & Pacific (excluding high income),WSM
East Asia & Pacific (excluding high income),SLB
East Asia & Pacific (excluding high income),THA
East Asia & Pacific (excluding high income),TLS
East Asia & Pacific (excluding high income),TON
East Asia & Pacific (excluding high income),TUV
East Asia & Pacific (excluding high income),VUT
East Asia & Pacific (excluding high income),VNM
Early-demographic dividend,DZA
Early-demographic dividend,ARG
Early-demographic dividend,BHR
Early-demographic dividend,BGD
Early-demographic dividend,BLZ
Early-demographic dividend,BTN
Early-demographic dividend,BOL
Early-demographic dividend,BWA
Early-demographic dividend,CPV
Early-demographic dividend,KHM
Early-demographic dividend,DJI
Early-demographic dividend,DOM
Early-demographic dividend,ECU
Early-demographic dividend,EGY
Early-demographic dividend,SLV
Early-demographic dividend,SWZ
Early-demographic dividend,ETH
Early-demographic dividend,GAB
Early-demographic dividend,GHA
Early-demographic dividend,GRD
Early-demographic dividend,GTM
Early-demographic dividend,HTI
Early-demographic dividend,HND
Early-demographic dividend,IND
Early-demographic dividend,IDN
Early-demographic dividend,IRN
Early-demographic dividend,ISR
Early-demographic dividend,JOR
Early-demographic dividend,KIR
Early-demographic dividend,LAO
Early-demographic dividend,LSO
Early-demographic dividend,LBY
Early-demographic dividend,MDV
Early-demographic dividend,MEX
Early-demographic dividend,FSM
Early-demographic dividend,MMR
Early-demographic dividend,NAM
Early-demographic dividend,NPL
Early-demographic dividend,NIC
Early-demographic dividend,PAK
Early-demographic dividend,PAN
Early-demographic dividend,PNG
Early-demographic dividend,PRY
Early-demographic dividend,PER
Early-demographic dividend,PHL
Early-demographic dividend,RWA
Early-demographic dividend,WSM
Early-demographic dividend,SAU
Early-demographic dividend,SLB
Early-demographic dividend,ZAF
Early-demographic dividend,SUR
Early-demographic dividend,SYR
Early-demographic dividend,TJK
Early-demographic dividend,TON
Early-demographic dividend,TUR
Early-demographic dividend,TKM
Early-demographic dividend,UZB
Early-demographic dividend,VUT
Early-demographic dividend,VEN
Early-demographic dividend,PSE
Early-demographic dividend,YEM
Early-demographic dividend,ZWE
East Asia & Pacific,ASM
East Asia & Pacific,AUS
East Asia & Pacific,BRN
East Asia & Pacific,KHM
East Asia & Pacific,CHN
East Asia & Pacific,FJI
East Asia & Pacific,PYF
East Asia & Pacific,GUM
East Asia & Pacific,HKG
East Asia & Pacific,IDN
East Asia & Pacific,JPN
East Asia & Pacific,KIR
East Asia & Pacific,PRK
East Asia & Pacific,KOR
East Asia & Pacific,LAO
East Asia & Pacific,MAC
East Asia & Pacific,MYS
East Asia & Pacific,MHL
East Asia & Pacific,FSM
East Asia & Pacific,MNG
East Asia & Pacific,MMR
East Asia & Pacific,NRU
East Asia & Pacific,NCL
East Asia & Pacific,NZL
East Asia & Pacific,MNP
East Asia & Pacific,PLW
East Asia & Pacific,PNG
East Asia & Pacific,PHL
East Asia & Pacific,WSM
East Asia & Pacific,SGP
East Asia & Pacific,SLB
East Asia & Pacific,TWN
East Asia & Pacific,THA
East Asia & Pacific,TLS
East Asia & Pacific,TON
East Asia & Pacific,TUV
East Asia & Pacific,VUT
East Asia & Pacific,VNM
Europe & Central Asia (excluding high income),ALB
Europe & Central Asia (excluding high income),ARM
Europe & Central Asia (excluding high income),AZE
Europe & Central Asia (excluding high income),BLR
Europe & Central Asia (excluding high income),BIH
Europe & Central Asia (excluding high income),BGR
Europe & Central Asia (excluding high income),GEO
Europe & Central Asia (excluding high income),KAZ
Europe & Central Asia (excluding high income),XKX
Europe & Central Asia (excluding high income),KGZ
Europe & Central Asia (excluding high income),MDA
Europe & Central Asia (excluding high income),MNE
Europe & Central Asia (excluding high income),MKD
Europe & Central Asia (excluding high income),RUS
Europe & Central Asia (excluding high income),SRB
Europe & Central Asia (excluding high income),TJK
Europe & Central Asia (excluding high income),TUR
Europe & Central Asia (excluding high income),TKM
Europe & Central Asia (excluding high income),UKR
Europe & Central Asia (excluding high income),UZB
Europe & Central Asia,ALB
Europe & Central Asia,AND
Europe & Central Asia,ARM
Europe & Central Asia,AUT
Europe & Central Asia,AZE
Europe & Central Asia,BLR
Europe & Central Asia,BEL
Europe & Central Asia,BIH
Europe & Central Asia,BGR
Europe & Central Asia,CHI
Europe & Central Asia,HRV
Europe & Central Asia,CYP
Europe & Central Asia,CZE
Europe & Central Asia,DNK
Europe & Central Asia,EST
Europe & Central Asia,FRO
Europe & Central Asia,FIN
Europe & Central Asia,FRA
Europe & Central Asia,GEO
Europe & Central Asia,DEU
Europe & Central Asia,GIB
Europe & Central Asia,GRC
Europe & Central Asia,GRL
Europe & Central Asia,HUN
Europe & Central Asia,ISL
Europe & Central Asia,IRL
Europe & Central Asia,IMN
Europe & Central Asia,ITA
Europe & Central Asia,KAZ
Europe & Central Asia,XKX
Europe & Central Asia,KGZ
Europe & Central Asia,LVA
Europe & Central Asia,LIE
Europe & Central Asia,LTU
Europe & Central Asia,LUX
Europe & Central Asia,MDA
Europe & Central Asia,MCO
Europe & Central Asia,MNE
Europe & Central Asia,NLD
Europe & Central Asia,MKD
Europe & Central Asia,NOR
Europe & Central Asia,POL
Europe & Central Asia,PRT
Europe & Central Asia,ROU
Europe & Central Asia,RUS
Europe & Central Asia,SMR
Europe & Central Asia,SRB
Europe & Central Asia,SVK
Europe & Central Asia,SVN
Europe & Central Asia,ESP
Europe & Central Asia,SWE
Europe & Central Asia,CHE
Europe & Central Asia,TJK
Europe & Central Asia,TUR
Europe & Central Asia,TKM
Europe & Central Asia,UKR
Europe & Central Asia,GBR
Europe & Central Asia,UZB
Euro area,AUT
Euro area,BEL
Euro area,CYP
Euro area,EST
Euro area,FIN
Euro area,FRA
Euro area,DEU
Euro area,GRC
Euro area,IRL
Euro area,ITA
Euro area,LVA
Euro area,LTU
Euro area,LUX
Euro area,MLT
Euro area,NLD
Euro area,PRT
Euro area,SVK
Euro area,SVN
Euro area,ESP
European Union,AUT
European Union,BEL
European Union,BGR
European Union,HRV
European Union,CYP
European Union,CZE
European Union,DNK
European Union,EST
European Union,FIN
European Union,FRA
European Union,DEU
European Union,GRC
European Union,HUN
European Union,IRL
European Union,ITA
European Union,LVA
European Union,LTU
European Union,LUX
European Union,MLT
European Union,NLD
European Union,POL
European Union,PRT
European Union,ROU
European Union,SVK
European Union,SVN
European Union,ESP
European Union,SWE
Fragile and conflict affected situations,AFG
Fragile and conflict affected situations,BFA
Fragile and conflict affected situations,BDI
Fragile and conflict affected situations,CMR
Fragile and conflict affected situations,CAF
Fragile and conflict affected situations,TCD
Fragile and conflict affected situations,COM
Fragile and conflict affected situations,COD
Fragile and conflict affected situations,COG
Fragile and conflict affected situations,ERI
Fragile and conflict affected situations,ETH
Fragile and conflict affected situations,GNB
Fragile and conflict affected situations,HTI
Fragile and conflict affected situations,IRQ
Fragile and conflict affected situations,XKX
Fragile and conflict affected situations,LBN
Fragile and conflict affected situations,LBY
Fragile and conflict affected situations,MLI
Fragile and conflict affected situations,MHL
Fragile and conflict affected situations,FSM
Fragile and conflict affected situations,MOZ
Fragile and conflict affected situations,MMR
Fragile and conflict affected situations,NER
Fragile and conflict affected situations,NGA
Fragile and conflict affected situations,PNG
Fragile and conflict affected situations,SLB
Fragile and conflict affected situations,SOM
Fragile and conflict affected situations,SSD
Fragile and conflict affected situations,SDN
Fragile and conflict affected situations,SYR
Fragile and conflict affected situations,TLS
Fragile and conflict affected situations,TUV
Fragile and conflict affected situations,UKR
Fragile and conflict affected situations,VEN
Fragile and conflict affected situations,PSE
Fragile and conflict affected situations,YEM
Fragile and conflict affected situations,ZWE
High income,AND
High income,ATG
High income,ABW
High income,AUS
High income,AUT
High income,BHS
High income,BHR
High income,BRB
High income,BEL
High income,BMU
High income,VGB
High income,BRN
High income,CAN
High income,CYM
High income,CHI
High income,CHL
High income,HRV
High income,CUW
High income,CYP
High income,CZE
High income,DNK
High income,EST
High income,FRO
High income,FIN
High income,FRA
High income,PYF
High income,DEU
High income,GIB
High income,GRC
High income,GRL
High income,GUM
High income,HKG
High income,HUN
High income,ISL
High income,IRL
High income,IMN
High income,ISR
High income,ITA
High income,JPN
High income,KOR
High income,KWT
High income,LVA
High income,LIE
High income,LTU
High income,LUX
High income,MAC
High income,MLT
High income,MCO
High income,NRU
High income,NLD
High income,NCL
High income,NZL
High income,MNP
High income,NOR
High income,OMN
High income,PAN
High income,POL
High income,PRT
High income,PRI
High income,QAT
High income,ROU
High income,SMR
High income,SAU
High income,SYC
High income,SGP
High income,SXM
High income,SVK
High income,SVN
High income,ESP
High income,KNA
High income,MAF
High income,SWE
High income,CHE
High income,TWN
High income,TTO
High income,TCA
High income,ARE
High income,GBR
High income,USA
High income,URY
High income,VIR
Heavily indebted poor countries (HIPC),AFG
Heavily indebted poor countries (HIPC),BEN
Heavily indebted poor countries (HIPC),BOL
Heavily indebted poor countries (HIPC),BFA
Heavily indebted poor countries (HIPC),BDI
Heavily indebted poor countries (HIPC),CMR
Heavily indebted poor countries (HIPC),CAF
Heavily indebted poor countries (HIPC),TCD
Heavily indebted poor countries (HIPC),COM
Heavily indebted poor countries (HIPC),COD
Heavily indebted poor countries (HIPC),COG
Heavily indebted poor countries (HIPC),CIV
Heavily indebted poor countries (HIPC),ERI
Heavily indebted poor countries (HIPC),ETH
Heavily indebted poor countries (HIPC),GMB
Heavily indebted poor countries (HIPC),GHA
Heavily indebted poor countries (HIPC),GIN
Heavily indebted poor countries (HIPC),GNB
Heavily indebted poor countries (HIPC),GUY
Heavily indebted poor countries (HIPC),HTI
Heavily indebted poor countries (HIPC),HND
Heavily indebted poor countries (HIPC),LBR
Heavily indebted poor countries (HIPC),MDG
Heavily indebted poor countries (HIPC),MWI
Heavily indebted poor countries (HIPC),MLI
Heavily indebted poor countries (HIPC),MRT
Heavily indebted poor countries (HIPC),MOZ
Heavily indebted poor countries (HIPC),NIC
Heavily indebted poor countries (HIPC),NER
Heavily indebted poor countries (HIPC),RWA
Heavily indebted poor countries (HIPC),STP
Heavily indebted poor countries (HIPC),SEN
Heavily indebted poor countries (HIPC),SLE
Heavily indebted poor countries (HIPC),SOM
Heavily indebted poor countries (HIPC),SDN
Heavily indebted poor countries (HIPC),TZA
Heavily indebted poor countries (HIPC),TGO
Heavily indebted poor countries (HIPC),UGA
Heavily indebted poor countries (HIPC),ZMB
IBRD only,ALB
IBRD only,DZA
IBRD only,AGO
IBRD only,ATG
IBRD only,ARG
IBRD only,ARM
IBRD only,AZE
IBRD only,BLR
IBRD only,BLZ
IBRD only,BOL
IBRD only,BIH
IBRD only,BWA
IBRD only,BRA
IBRD only,BGR
IBRD only,CHL
IBRD only,CHN
IBRD only,COL
IBRD only,CRI
IBRD only,HRV
IBRD only,DOM
IBRD only,ECU
IBRD only,EGY
IBRD only,SLV
IBRD only,GNQ
IBRD only,SWZ
IBRD only,GAB
IBRD only,GEO
IBRD only,GTM
IBRD only,IND
IBRD only,IDN
IBRD only,IRN
IBRD only,IRQ
IBRD only,JAM
IBRD only,JOR
IBRD only,KAZ
IBRD only,LBN
IBRD only,LBY
IBRD only,MYS
IBRD only,MUS
IBRD only,MEX
IBRD only,MDA
IBRD only,MNG
IBRD only,MNE
IBRD only,MAR
IBRD only,NAM
IBRD only,NRU
IBRD only,MKD
IBRD only,PLW
IBRD only,PAN
IBRD only,PRY
IBRD only,PER
IBRD only,PHL
IBRD only,POL
IBRD only,ROU
IBRD only,RUS
IBRD only,SRB
IBRD only,SYC
IBRD only,ZAF
IBRD only,KNA
IBRD only,SUR
IBRD only,THA
IBRD only,TTO
IBRD only,TUN
IBRD only,TUR
IBRD only,TKM
IBRD only,UKR
IBRD only,URY
IBRD only,VEN
IBRD only,VNM
IDA & IBRD total,AFG
IDA & IBRD total,ALB
IDA & IBRD total,DZA
IDA & IBRD total,AGO
IDA & IBRD total,ATG
IDA & IBRD total,ARG
IDA & IBRD total,ARM
IDA & IBRD total,AZE
IDA & IBRD total,BGD
IDA & IBRD total,BLR
IDA & IBRD total,BLZ
IDA & IBRD total,BEN
IDA & IBRD total,BTN
IDA & IBRD total,BOL
IDA & IBRD total,BIH
IDA & IBRD total,BWA
IDA & IBRD total,BRA
IDA & IBRD total,BGR
IDA & IBRD total,BFA
IDA & IBRD total,BDI
IDA & IBRD total,CPV
IDA & IBRD total,KHM
IDA & IBRD total,CMR
IDA & IBRD total,CAF
IDA & IBRD total,TCD
IDA & IBRD total,CHL
IDA & IBRD total,CHN
IDA & IBRD total,COL
IDA & IBRD total,COM
IDA & IBRD total,COD
IDA & IBRD total,COG
IDA & IBRD total,CRI
IDA & IBRD total,CIV
IDA & IBRD total,HRV
IDA & IBRD total,DJI
IDA & IBRD total,DMA
IDA & IBRD total,DOM
IDA & IBRD total,ECU
IDA & IBRD total,EGY
IDA & IBRD total,SLV
IDA & IBRD total,GNQ
IDA & IBRD total,ERI
IDA & IBRD total,SWZ
IDA & IBRD total,ETH
IDA & IBRD total,FJI
IDA & IBRD total,GAB
IDA & IBRD total,GMB
IDA & IBRD total,GEO
IDA & IBRD total,GHA
IDA & IBRD total,GRD
IDA & IBRD total,GTM
IDA & IBRD total,GIN
IDA & IBRD total,GNB
IDA & IBRD total,GUY
IDA & IBRD total,HTI
IDA & IBRD total,HND
IDA & IBRD total,IND
IDA & IBRD total,IDN
IDA & IBRD total,IRN
IDA & IBRD total,IRQ
IDA & IBRD total,JAM
IDA & IBRD total,JOR
IDA & IBRD total,KAZ
IDA & IBRD total,KEN
IDA & IBRD total,KIR
IDA & IBRD total,XKX
IDA & IBRD total,KGZ
IDA & IBRD total,LAO
IDA & IBRD total,LBN
IDA & IBRD total,LSO
IDA & IBRD total,LBR
IDA & IBRD total,LBY
IDA & IBRD total,MDG
IDA & IBRD total,MWI
IDA & IBRD total,MYS
IDA & IBRD total,MDV
IDA & IBRD total,MLI
IDA & IBRD total,MHL
IDA & IBRD total,MRT
IDA & IBRD total,MUS
IDA & IBRD total,MEX
IDA & IBRD total,FSM
IDA & IBRD total,MDA
IDA & IBRD total,MNG
IDA & IBRD total,MNE
IDA & IBRD total,MAR
IDA & IBRD total,MOZ
IDA & IBRD total,MMR
IDA & IBRD total,NAM
IDA & IBRD total,NRU
IDA & IBRD total,NPL
IDA & IBRD total,NIC
IDA & IBRD total,NER
IDA & IBRD total,NGA
IDA & IBRD total,MKD
IDA & IBRD total,PAK
IDA & IBRD total,PLW
IDA & IBRD total,PAN
IDA & IBRD total,PNG
IDA & IBRD total,PRY
IDA & IBRD total,PER
IDA & IBRD total,PHL
IDA & IBRD total,POL
IDA & IBRD total,ROU
IDA & IBRD total,RUS
IDA & IBRD total,RWA
IDA & IBRD total,WSM
IDA & IBRD total,STP
IDA & IBRD total,SEN
IDA & IBRD total,SRB
IDA & IBRD total,SYC
IDA & IBRD total,SLE
IDA & IBRD total,SLB
IDA & IBRD total,SOM
IDA & IBRD total,ZAF
IDA & IBRD total,SSD
IDA & IBRD total,LKA
IDA & IBRD total,KNA
IDA & IBRD total,LCA
IDA & IBRD total,VCT
IDA & IBRD total,SDN
IDA & IBRD total,SUR
IDA & IBRD total,SYR
IDA & IBRD total,TJK
IDA & IBRD total,TZA
IDA & IBRD total,THA
IDA & IBRD total,TLS
IDA & IBRD total,TGO
IDA & IBRD total,TON
IDA & IBRD total,TTO
IDA & IBRD total,TUN
IDA & IBRD total,TUR
IDA & IBRD total,TKM
IDA & IBRD total,TUV
IDA & IBRD total,UGA
IDA & IBRD total,UKR
IDA & IBRD total,URY
IDA & IBRD total,UZB
IDA & IBRD total,VUT
IDA & IBRD total,VEN
IDA & IBRD total,VNM
IDA & IBRD total,YEM
IDA & IBRD total,ZMB
IDA & IBRD total,ZWE
IDA total,AFG
IDA total,BGD
IDA total,BEN
IDA total,BTN
IDA total,BFA
IDA total,BDI
IDA total,CPV
IDA total,KHM
IDA total,CMR
IDA total,CAF
IDA total,TCD
IDA total,COM
IDA total,COD
IDA total,COG
IDA total,CIV
IDA total,DJI
IDA total,DMA
IDA total,ERI
IDA total,ETH
IDA total,FJI
IDA total,GMB
IDA total,GHA
IDA total,GRD
IDA total,GIN
IDA total,GNB
IDA total,GUY
IDA total,HTI
IDA total,HND
IDA total,KEN
IDA total,KIR
IDA total,XKX
IDA total,KGZ
IDA total,LAO
IDA total,LSO
IDA total,LBR
IDA total,MDG
IDA total,MWI
IDA total,MDV
IDA total,MLI
IDA total,MHL
IDA total,MRT
IDA total,FSM
IDA total,MOZ
IDA total,MMR
IDA total,NPL
IDA total,NIC
IDA total,NER
IDA total,NGA
IDA total,PAK
IDA total,PNG
IDA total,RWA
IDA total,WSM
IDA total,STP
IDA total,SEN
IDA total,SLE
IDA total,SLB
IDA total,SOM
IDA total,SSD
IDA total,LKA
IDA total,LCA
IDA total,VCT
IDA total,SDN
IDA total,SYR
IDA total,TJK
IDA total,TZA
IDA total,TLS
IDA total,TGO
IDA total,TON
IDA total,TUV
IDA total,UGA
IDA total,UZB
IDA total,VUT
IDA total,YEM
IDA total,ZMB
IDA total,ZWE
IDA blend,CPV
IDA blend,CMR
IDA blend,COG
IDA blend,DMA
IDA blend,FJI
IDA blend,GRD
IDA blend,KEN
IDA blend,NGA
IDA blend,PAK
IDA blend,PNG
IDA blend,LCA
IDA blend,VCT
IDA blend,TLS
IDA blend,UZB
IDA blend,ZWE
IDA only,AFG
IDA only,BGD
IDA only,BEN
IDA only,BTN
IDA only,BFA
IDA only,BDI
IDA only,KHM
IDA only,CAF
IDA only,TCD
IDA only,COM
IDA only,COD
IDA only,CIV
IDA only,DJI
IDA only,ERI
IDA only,ETH
IDA only,GMB
IDA only,GHA
IDA only,GIN
IDA only,GNB
IDA only,GUY
IDA only,HTI
IDA only,HND
IDA only,KIR
IDA only,XKX
IDA only,KGZ
IDA only,LAO
IDA only,LSO
IDA only,LBR
IDA only,MDG
IDA only,MWI
IDA only,MDV
IDA only,MLI
IDA only,MHL
IDA only,MRT
IDA only,FSM
IDA only,MOZ
IDA only,MMR
IDA only,NPL
IDA only,NIC
IDA only,NER
IDA only,RWA
IDA only,WSM
IDA only,STP
IDA only,SEN
IDA only,SLE
IDA only,SLB
IDA only,SOM
IDA only,SSD
IDA only,LKA
IDA only,SDN
IDA only,SYR
IDA only,TJK
IDA only,TZA
IDA only,TGO
IDA only,TON
IDA only,TUV
IDA only,UGA
IDA only,VUT
IDA only,YEM
IDA only,ZMB
Latin America & Caribbean (excluding high income),ARG
Latin America & Caribbean (excluding high income),BLZ
Latin America & Caribbean (excluding high income),BOL
Latin America & Caribbean (excluding high income),BRA
Latin America & Caribbean (excluding high income),COL
Latin America & Caribbean (excluding high income),CRI
Latin America & Caribbean (excluding high income),CUB
Latin America & Caribbean (excluding high income),DMA
Latin America & Caribbean (excluding high income),DOM
Latin America & Caribbean (excluding high income),ECU
Latin America & Caribbean (excluding high income),SLV
Latin America & Caribbean (excluding high income),GRD
Latin America & Caribbean (excluding high income),GTM
Latin America & Caribbean (excluding high income),GUY
Latin America & Caribbean (excluding high income),HTI
Latin America & Caribbean (excluding high income),HND
Latin America & Caribbean (excluding high income),JAM
Latin America & Caribbean (excluding high income),MEX
Latin America & Caribbean (excluding high income),NIC
Latin America & Caribbean (excluding high income),PRY
Latin America & Caribbean (excluding high income),PER
Latin America & Caribbean (excluding high income),LCA
Latin America & Caribbean (excluding high income),VCT
Latin America & Caribbean (excluding high income),SUR
Latin America & Caribbean,ATG
Latin America & Caribbean,ARG
Latin America & Caribbean,ABW
Latin America & Caribbean,BHS
Latin America & Caribbean,BRB
Latin America & Caribbean,BLZ
Latin America & Caribbean,BOL
Latin America & Caribbean,BRA
Latin America & Caribbean,VGB
Latin America & Caribbean,CYM
Latin America & Caribbean,CHL
Latin America & Caribbean,COL
Latin America & Caribbean,CRI
Latin America & Caribbean,CUB
Latin America & Caribbean,CUW
Latin America & Caribbean,DMA
Latin America & Caribbean,DOM
Latin America & Caribbean,ECU
Latin America & Caribbean,SLV
Latin America & Caribbean,GRD
Latin America & Caribbean,GTM
Latin America & Caribbean,GUY
Latin America & Caribbean,HTI
Latin America & Caribbean,HND
Latin America & Caribbean,JAM
Latin America & Caribbean,MEX
Latin America & Caribbean,NIC
Latin America & Caribbean,PAN
Latin America & Caribbean,PRY
Latin America & Caribbean,PER
Latin America & Caribbean,PRI
Latin America & Caribbean,SXM
Latin America & Caribbean,KNA
Latin America & Caribbean,LCA
Latin America & Caribbean,MAF
Latin America & Caribbean,VCT
Latin America & Caribbean,SUR
Latin America & Caribbean,TTO
Latin America & Caribbean,TCA
Latin America & Caribbean,URY
Latin America & Caribbean,VEN
Latin America & Caribbean,VIR
Least developed countries: UN classification,AFG
Least developed countries: UN classification,AGO
Least developed countries: UN classification,BGD
Least developed countries: UN classification,BEN
Least developed countries: UN classification,BTN
Least developed countries: UN classification,BFA
Least developed countries: UN classification,BDI
Least developed countries: UN classification,KHM
Least developed countries: UN classification,CAF
Least developed countries: UN classification,TCD
Least developed countries: UN classification,COM
Least developed countries: UN classification,COD
Least developed countries: UN classification,DJI
Least developed countries: UN classification,ERI
Least developed countries: UN classification,ETH
Least developed countries: UN classification,GMB
Least developed countries: UN classification,GIN
Least developed countries: UN classification,GNB
Least developed countries: UN classification,HTI
Least developed countries: UN classification,KIR
Least developed countries: UN classification,LAO
Least developed countries: UN classification,LSO
Least developed countries: UN classification,LBR
Least developed countries: UN classification,MDG
Least developed countries: UN classification,MWI
Least developed countries: UN classification,MLI
Least developed countries: UN classification,MRT
Least developed countries: UN classification,MOZ
Least developed countries: UN classification,MMR
Least developed countries: UN classification,NPL
Least developed countries: UN classification,NER
Least developed countries: UN classification,RWA
Least developed countries: UN classification,STP
Least developed countries: UN classification,SEN
Least developed countries: UN classification,SLE
Least developed countries: UN classification,SLB
Least developed countries: UN classification,SOM
Least developed countries: UN classification,SSD
Least developed countries: UN classification,SDN
Least developed countries: UN classification,TZA
Least developed countries: UN classification,TLS
Least developed countries: UN classification,TGO
Least developed countries: UN classification,TUV
Least developed countries: UN classification,UGA
Least developed countries: UN classification,YEM
Least developed countries: UN classification,ZMB
Low income,AFG
Low income,BFA
Low income,BDI
Low income,CAF
Low income,TCD
Low income,COD
Low income,ERI
Low income,ETH
Low income,GMB
Low income,GIN
Low income,GNB
Low income,PRK
Low income,LBR
Low income,MDG
Low income,MWI
Low income,MLI
Low income,MOZ
Low income,NER
Low income,RWA
Low income,SLE
Low income,SOM
Low income,SSD
Low income,SDN
Low income,SYR
Low income,TGO
Low income,UGA
Low income,YEM
Low income,ZMB
Lower middle income,DZA
Lower middle income,AGO
Lower middle income,BGD
Lower middle income,BEN
Lower middle income,BTN
Lower middle income,BOL
Lower middle income,CPV
Lower middle income,KHM
Lower middle income,CMR
Lower middle income,COM
Lower middle income,COG
Lower middle income,CIV
Lower middle income,DJI
Lower middle income,EGY
Lower middle income,SLV
Lower middle income,SWZ
Lower middle income,GHA
Lower middle income,HTI
Lower middle income,HND
Lower middle income,IND
Lower middle income,IDN
Lower middle income,IRN
Lower middle income,KEN
Lower middle income,KIR
Lower middle income,KGZ
Lower middle income,LAO
Lower middle income,LBN
Lower middle income,LSO
Lower middle income,MRT
Lower middle income,FSM
Lower middle income,MNG
Lower middle income,MAR
Lower middle income,MMR
Lower middle income,NPL
Lower middle income,NIC
Lower middle income,NGA
Lower middle income,PAK
Lower middle income,PNG
Lower middle income,PHL
Lower middle income,WSM
Lower middle income,STP
Lower middle income,SEN
Lower middle income,SLB
Lower middle income,LKA
Lower middle income,TJK
Lower middle income,TZA
Lower middle income,TLS
Lower middle income,TUN
Lower middle income,UKR
Lower middle income,UZB
Lower middle income,VUT
Lower middle income,VNM
Lower middle income,PSE
Lower middle income,ZWE
Low & middle income,AFG
Low & middle income,ALB
Low & middle income,DZA
Low & middle income,ASM
Low & middle income,AGO
Low & middle income,ARG
Low & middle income,ARM
Low & middle income,AZE
Low & middle income,BGD
Low & middle income,BLR
Low & middle income,BLZ
Low & middle income,BEN
Low & middle income,BTN
Low & middle income,BOL
Low & middle income,BIH
Low & middle income,BWA
Low & middle income,BRA
Low & middle income,BGR
Low & middle income,BFA
Low & middle income,BDI
Low & middle income,CPV
Low & middle income,KHM
Low & middle income,CMR
Low & middle income,CAF
Low & middle income,TCD
Low & middle income,CHN
Low & middle income,COL
Low & middle income,COM
Low & middle income,COD
Low & middle income,COG
Low & middle income,CRI
Low & middle income,CIV
Low & middle income,CUB
Low & middle income,DJI
Low & middle income,DMA
Low & middle income,DOM
Low & middle income,ECU
Low & middle income,EGY
Low & middle income,SLV
Low & middle income,GNQ
Low & middle income,ERI
Low & middle income,SWZ
Low & middle income,ETH
Low & middle income,FJI
Low & middle income,GAB
Low & middle income,GMB
Low & middle income,GEO
Low & middle income,GHA
Low & middle income,GRD
Low & middle income,GTM
Low & middle income,GIN
Low & middle income,GNB
Low & middle income,GUY
Low & middle income,HTI
Low & middle income,HND
Low & middle income,IND
Low & middle income,IDN
Low & middle income,IRN
Low & middle income,IRQ
Low & middle income,JAM
Low & middle income,JOR
Low & middle income,KAZ
Low & middle income,KEN
Low & middle income,KIR
Low & middle income,PRK
Low & middle income,XKX
Low & middle income,KGZ
Low & middle income,LAO
Low & middle income,LBN
Low & middle income,LSO
Low & middle income,LBR
Low & middle income,LBY
Low & middle income,MDG
Low & middle income,MWI
Low & middle income,MYS
Low & middle income,MDV
Low & middle income,MLI
Low & middle income,MHL
Low & middle income,MRT
Low & middle income,MUS
Low & middle income,MEX
Low & middle income,FSM
Low & middle income,MDA
Low & middle income,MNG
Low & middle income,MNE
Low & middle income,MAR
Low & middle income,MOZ
Low & middle income,MMR
Low & middle income,NAM
Low & middle income,NPL
Low & middle income,NIC
Low & middle income,NER
Low & middle income,NGA
Low & middle income,MKD
Low & middle income,PAK
Low & middle income,PLW
Low & middle income,PNG
Low & middle income,PRY
Low & middle income,PER
Low & middle income,PHL
Low & middle income,RUS
Low & middle income,RWA
Low & middle income,WSM
Low & middle income,STP
Low & middle income,SEN
Low & middle income,SRB
Low & middle income,SLE
Low & middle income,SLB
Low & middle income,SOM
Low & middle income,ZAF
Low & middle income,SSD
Low & middle income,LKA
Low & middle income,LCA
Low & middle income,VCT
Low & middle income,SDN
Low & middle income,SUR
Low & middle income,SYR
Low & middle income,TJK
Low & middle income,TZA
Low & middle income,THA
Low & middle income,TLS
Low & middle income,TGO
Low & middle income,TON
Low & middle income,TUN
Low & middle income,TUR
Low & middle income,TKM
Low & middle income,TUV
Low & middle income,UGA
Low & middle income,UKR
Low & middle income,UZB
Low & middle income,VUT
Low & middle income,VNM
Low & middle income,PSE
Low & middle income,YEM
Low & middle income,ZMB
Low & middle income,ZWE
Late-demographic dividend,ALB
Late-demographic dividend,ARM
Late-demographic dividend,ABW
Late-demographic dividend,AZE
Late-demographic dividend,BHS
Late-demographic dividend,BRA
Late-demographic dividend,BRN
Late-demographic dividend,CHL
Late-demographic dividend,CHN
Late-demographic dividend,COL
Late-demographic dividend,CRI
Late-demographic dividend,CYP
Late-demographic dividend,EST
Late-demographic dividend,FJI
Late-demographic dividend,PYF
Late-demographic dividend,GEO
Late-demographic dividend,GUM
Late-demographic dividend,GUY
Late-demographic dividend,ISL
Late-demographic dividend,IRL
Late-demographic dividend,JAM
Late-demographic dividend,KAZ
Late-demographic dividend,PRK
Late-demographic dividend,KWT
Late-demographic dividend,KGZ
Late-demographic dividend,LVA
Late-demographic dividend,LBN
Late-demographic dividend,MYS
Late-demographic dividend,MUS
Late-demographic dividend,MDA
Late-demographic dividend,MNG
Late-demographic dividend,MNE
Late-demographic dividend,MAR
Late-demographic dividend,NCL
Late-demographic dividend,MKD
Late-demographic dividend,OMN
Late-demographic dividend,POL
Late-demographic dividend,PRI
Late-demographic dividend,QAT
Late-demographic dividend,ROU
Late-demographic dividend,RUS
Late-demographic dividend,SRB
Late-demographic dividend,SYC
Late-demographic dividend,SVK
Late-demographic dividend,LKA
Late-demographic dividend,LCA
Late-demographic dividend,VCT
Late-demographic dividend,THA
Late-demographic dividend,TTO
Late-demographic dividend,TUN
Late-demographic dividend,ARE
Late-demographic dividend,URY
Late-demographic dividend,VNM
Late-demographic dividend,VIR
Middle East & North Africa,DZA
Middle East & North Africa,BHR
Middle East & North Africa,DJI
Middle East & North Africa,EGY
Middle East & North Africa,IRN
Middle East & North Africa,IRQ
Middle East & North Africa,ISR
Middle East & North Africa,JOR
Middle East & North Africa,KWT
Middle East & North Africa,LBN
Middle East & North Africa,LBY
Middle East & North Africa,MLT
Middle East & North Africa,MAR
Middle East & North Africa,OMN
Middle East & North Africa,QAT
Middle East & North Africa,SAU
Middle East & North Africa,SYR
Middle East & North Africa,TUN
Middle East & North Africa,ARE
Middle East & North Africa,PSE
Middle East & North Africa,YEM
Middle income,ALB
Middle income,DZA
Middle income,ASM
Middle income,AGO
Middle income,ARG
Middle income,ARM
Middle income,AZE
Middle income,BGD
Middle income,BLR
Middle income,BLZ
Middle income,BEN
Middle income,BTN
Middle income,BOL
Middle income,BIH
Middle income,BWA
Middle income,BRA
Middle income,BGR
Middle income,CPV
Middle income,KHM
Middle income,CMR
Middle income,CHN
Middle income,COL
Middle income,COM
Middle income,COG
Middle income,CRI
Middle income,CIV
Middle income,CUB
Middle income,DJI
Middle income,DMA
Middle income,DOM
Middle income,ECU
Middle income,EGY
Middle income,SLV
Middle income,GNQ
Middle income,SWZ
Middle income,FJI
Middle income,GAB
Middle income,GEO
Middle income,GHA
Middle income,GRD
Middle income,GTM
Middle income,GUY
Middle income,HTI
Middle income,HND
Middle income,IND
Middle income,IDN
Middle income,IRN
Middle income,IRQ
Middle income,JAM
Middle income,JOR
Middle income,KAZ
Middle income,KEN
Middle income,KIR
Middle income,XKX
Middle income,KGZ
Middle income,LAO
Middle income,LBN
Middle income,LSO
Middle income,LBY
Middle income,MYS
Middle income,MDV
Middle income,MHL
Middle income,MRT
Middle income,MUS
Middle income,MEX
Middle income,FSM
Middle income,MDA
Middle income,MNG
Middle income,MNE
Middle income,MAR
Middle income,MMR
Middle income,NAM
Middle income,NPL
Middle income,NIC
Middle income,NGA
Middle income,MKD
Middle income,PAK
Middle income,PLW
Middle income,PNG
Middle income,PRY
Middle income,PER
Middle income,PHL
Middle income,RUS
Middle income,WSM
Middle income,STP
Middle income,SEN
Middle income,SRB
Middle income,SLB
Middle income,ZAF
Middle income,LKA
Middle income,LCA
Middle income,VCT
Middle income,SUR
Middle income,TJK
Middle income,TZA
Middle income,THA
Middle income,TLS
Middle income,TON
Middle income,TUN
Middle income,TUR
Middle income,TKM
Middle income,TUV
Middle income,UKR
Middle income,UZB
Middle income,VUT
Middle income,VNM
Middle income,PSE
Middle income,ZWE
Middle East & North Africa (excluding high income),DZA
Middle East & North Africa (excluding high income),DJI
Middle East & North Africa (excluding high income),EGY
Middle East & North Africa (excluding high income),IRN
Middle East & North Africa (excluding high income),IRQ
Middle East & North Africa (excluding high income),JOR
Middle East & North Africa (excluding high income),LBN
Middle East & North Africa (excluding high income),LBY
Middle East & North Africa (excluding high income),MAR
Middle East & North Africa (excluding high income),SYR
Middle East & North Africa (excluding high income),TUN
Middle East & North Africa (excluding high income),PSE
Middle East & North Africa (excluding high income),YEM
North America,BMU
North America,CAN
North America,USA
OECD members,AUS
OECD members,AUS
OECD members,AUT
OECD members,AUT
OECD members,BEL
OECD members,BEL
OECD members,CAN
OECD members,CAN
OECD members,CHL
OECD members,CHL
OECD members,COL
OECD members,COL
OECD members,CRI
OECD members,CZE
OECD members,CZE
OECD members,DNK
OECD members,DNK
OECD members,EST
OECD members,EST
OECD members,FIN
OECD members,FIN
OECD members,FRA
OECD members,FRA
OECD members,DEU
OECD members,DEU
OECD members,GRC
OECD members,GRC
OECD members,HUN
OECD members,HUN
OECD members,ISL
OECD members,ISL
OECD members,IRL
OECD members,IRL
OECD members,ISR
OECD members,ISR
OECD members,ITA
OECD members,ITA
OECD members,JPN
OECD members,JPN
OECD members,KOR
OECD members,KOR
OECD members,LVA
OECD members,LVA
OECD members,LTU
OECD members,LTU
OECD members,LUX
OECD members,LUX
OECD members,MEX
OECD members,MEX
OECD members,NLD
OECD members,NLD
OECD members,NZL
OECD members,NZL
OECD members,NOR
OECD members,NOR
OECD members,POL
OECD members,POL
OECD members,PRT
OECD members,PRT
OECD members,SVK
OECD members,SVK
OECD members,SVN
OECD members,SVN
OECD members,ESP
OECD members,ESP
OECD members,SWE
OECD members,SWE
OECD members,CHE
OECD members,CHE
OECD members,TUR
OECD members,TUR
OECD members,GBR
OECD members,GBR
OECD members,USA
OECD members,USA
Other small states,BHR
Other small states,BTN
Other small states,BWA
Other small states,BRN
Other small states,CPV
Other small states,COM
Other small states,CYP
Other small states,DJI
Other small states,GNQ
Other small states,EST
Other small states,SWZ
Other small states,GAB
Other small states,GMB
Other small states,GNB
Other small states,ISL
Other small states,LSO
Other small states,MDV
Other small states,MLT
Other small states,MUS
Other small states,MNE
Other small states,NAM
Other small states,QAT
Other small states,SMR
Other small states,STP
Other small states,SYC
Other small states,TLS
Pre-demographic dividend,AFG
Pre-demographic dividend,AGO
Pre-demographic dividend,BEN
Pre-demographic dividend,BFA
Pre-demographic dividend,BDI
Pre-demographic dividend,CMR
Pre-demographic dividend,CAF
Pre-demographic dividend,TCD
Pre-demographic dividend,COM
Pre-demographic dividend,COD
Pre-demographic dividend,COG
Pre-demographic dividend,CIV
Pre-demographic dividend,GNQ
Pre-demographic dividend,ERI
Pre-demographic dividend,GMB
Pre-demographic dividend,GIN
Pre-demographic dividend,GNB
Pre-demographic dividend,IRQ
Pre-demographic dividend,KEN
Pre-demographic dividend,LBR
Pre-demographic dividend,MDG
Pre-demographic dividend,MWI
Pre-demographic dividend,MLI
Pre-demographic dividend,MRT
Pre-demographic dividend,MOZ
Pre-demographic dividend,NER
Pre-demographic dividend,NGA
Pre-demographic dividend,SEN
Pre-demographic dividend,SLE
Pre-demographic dividend,SOM
Pre-demographic dividend,SSD
Pre-demographic dividend,SDN
Pre-demographic dividend,TZA
Pre-demographic dividend,TLS
Pre-demographic dividend,TGO
Pre-demographic dividend,UGA
Pre-demographic dividend,ZMB
Pacific island small states,FJI
Pacific island small states,KIR
Pacific island small states,MHL
Pacific island small states,FSM
Pacific island small states,NRU
Pacific island small states,PLW
Pacific island small states,WSM
Pacific island small states,SLB
Pacific island small states,TON
Pacific island small states,TUV
Pacific island small states,VUT
Post-demographic dividend,ATG
Post-demographic dividend,AUS
Post-demographic dividend,AUT
Post-demographic dividend,BRB
Post-demographic dividend,BLR
Post-demographic dividend,BEL
Post-demographic dividend,BIH
Post-demographic dividend,BGR
Post-demographic dividend,CAN
Post-demographic dividend,HRV
Post-demographic dividend,CUB
Post-demographic dividend,CZE
Post-demographic dividend,DNK
Post-demographic dividend,FIN
Post-demographic dividend,FRA
Post-demographic dividend,DEU
Post-demographic dividend,GRC
Post-demographic dividend,HKG
Post-demographic dividend,HUN
Post-demographic dividend,ITA
Post-demographic dividend,JPN
Post-demographic dividend,KOR
Post-demographic dividend,LTU
Post-demographic dividend,LUX
Post-demographic dividend,MAC
Post-demographic dividend,MLT
Post-demographic dividend,NLD
Post-demographic dividend,NZL
Post-demographic dividend,NOR
Post-demographic dividend,PRT
Post-demographic dividend,SGP
Post-demographic dividend,SVN
Post-demographic dividend,ESP
Post-demographic dividend,SWE
Post-demographic dividend,CHE
Post-demographic dividend,UKR
Post-demographic dividend,GBR
Post-demographic dividend,USA
South Asia,AFG
South Asia,BGD
South Asia,BTN
South Asia,IND
South Asia,MDV
South Asia,NPL
South Asia,PAK
South Asia,LKA
Sub-Saharan Africa (excluding high income),AGO
Sub-Saharan Africa (excluding high income),BEN
Sub-Saharan Africa (excluding high income),BWA
Sub-Saharan Africa (excluding high income),BFA
Sub-Saharan Africa (excluding high income),BDI
Sub-Saharan Africa (excluding high income),CPV
Sub-Saharan Africa (excluding high income),CMR
Sub-Saharan Africa (excluding high income),CAF
Sub-Saharan Africa (excluding high income),TCD
Sub-Saharan Africa (excluding high income),COM
Sub-Saharan Africa (excluding high income),COD
Sub-Saharan Africa (excluding high income),COG
Sub-Saharan Africa (excluding high income),CIV
Sub-Saharan Africa (excluding high income),GNQ
Sub-Saharan Africa (excluding high income),ERI
Sub-Saharan Africa (excluding high income),SWZ
Sub-Saharan Africa (excluding high income),ETH
Sub-Saharan Africa (excluding high income),GAB
Sub-Saharan Africa (excluding high income),GMB
Sub-Saharan Africa (excluding high income),GHA
Sub-Saharan Africa (excluding high income),GIN
Sub-Saharan Africa (excluding high income),GNB
Sub-Saharan Africa (excluding high income),KEN
Sub-Saharan Africa (excluding high income),LSO
Sub-Saharan Africa (excluding high income),LBR
Sub-Saharan Africa (excluding high income),MDG
Sub-Saharan Africa (excluding high income),MWI
Sub-Saharan Africa (excluding high income),MLI
Sub-Saharan Africa (excluding high income),MRT
Sub-Saharan Africa (excluding high income),MUS
Sub-Saharan Africa (excluding high income),MOZ
Sub-Saharan Africa (excluding high income),NAM
Sub-Saharan Africa (excluding high income),NER
Sub-Saharan Africa (excluding high income),NGA
Sub-Saharan Africa (excluding high income),RWA
Sub-Saharan Africa (excluding high income),STP
Sub-Saharan Africa (excluding high income),SEN
Sub-Saharan Africa (excluding high income),SLE
Sub-Saharan Africa (excluding high income),SOM
Sub-Saharan Africa (excluding high income),ZAF
Sub-Saharan Africa (excluding high income),SSD
Sub-Saharan Africa (excluding high income),SDN
Sub-Saharan Africa (excluding high income),TZA
Sub-Saharan Africa (excluding high income),TGO
Sub-Saharan Africa (excluding high income),UGA
Sub-Saharan Africa (excluding high income),ZMB
Sub-Saharan Africa (excluding high income),ZWE
Sub-Saharan Africa,AGO
Sub-Saharan Africa,BEN
Sub-Saharan Africa,BWA
Sub-Saharan Africa,BFA
Sub-Saharan Africa,BDI
Sub-Saharan Africa,CPV
Sub-Saharan Africa,CMR
Sub-Saharan Africa,CAF
Sub-Saharan Africa,TCD
Sub-Saharan Africa,COM
Sub-Saharan Africa,COD
Sub-Saharan Africa,COG
Sub-Saharan Africa,CIV
Sub-Saharan Africa,GNQ
Sub-Saharan Africa,ERI
Sub-Saharan Africa,SWZ
Sub-Saharan Africa,ETH
Sub-Saharan Africa,GAB
Sub-Saharan Africa,GMB
Sub-Saharan Africa,GHA
Sub-Saharan Africa,GIN
Sub-Saharan Africa,GNB
Sub-Saharan Africa,KEN
Sub-Saharan Africa,LSO
Sub-Saharan Africa,LBR
Sub-Saharan Africa,MDG
Sub-Saharan Africa,MWI
Sub-Saharan Africa,MLI
Sub-Saharan Africa,MRT
Sub-Saharan Africa,MUS
Sub-Saharan Africa,MOZ
Sub-Saharan Africa,NAM
Sub-Saharan Africa,NER
Sub-Saharan Africa,NGA
Sub-Saharan Africa,RWA
Sub-Saharan Africa,STP
Sub-Saharan Africa,SEN
Sub-Saharan Africa,SYC
Sub-Saharan Africa,SLE
Sub-Saharan Africa,SOM
Sub-Saharan Africa,ZAF
Sub-Saharan Africa,SSD
Sub-Saharan Africa,SDN
Sub-Saharan Africa,TZA
Sub-Saharan Africa,TGO
Sub-Saharan Africa,UGA
Sub-Saharan Africa,ZMB
Sub-Saharan Africa,ZWE
Small states,ATG
Small states,BHS
Small states,BHR
Small states,BRB
Small states,BLZ
Small states,BTN
Small states,BWA
Small states,BRN
Small states,CPV
Small states,COM
Small states,CYP
Small states,DJI
Small states,DMA
Small states,GNQ
Small states,EST
Small states,SWZ
Small states,FJI
Small states,GAB
Small states,GMB
Small states,GRD
Small states,GNB
Small states,GUY
Small states,ISL
Small states,JAM
Small states,KIR
Small states,LSO
Small states,MDV
Small states,MLT
Small states,MHL
Small states,MUS
Small states,FSM
Small states,MNE
Small states,NAM
Small states,NRU
Small states,PLW
Small states,QAT
Small states,WSM
Small states,SMR
Small states,STP
Small states,SYC
Small states,SLB
Small states,KNA
Small states,LCA
Small states,VCT
Small states,SUR
Small states,TLS
Small states,TON
Small states,TTO
Small states,TUV
Small states,VUT
East Asia & Pacific (IDA & IBRD),KHM
East Asia & Pacific (IDA & IBRD),CHN
East Asia & Pacific (IDA & IBRD),FJI
East Asia & Pacific (IDA & IBRD),IDN
East Asia & Pacific (IDA & IBRD),KIR
East Asia & Pacific (IDA & IBRD),LAO
East Asia & Pacific (IDA & IBRD),MYS
East Asia & Pacific (IDA & IBRD),MHL
East Asia & Pacific (IDA & IBRD),FSM
East Asia & Pacific (IDA & IBRD),MNG
East Asia & Pacific (IDA & IBRD),MMR
East Asia & Pacific (IDA & IBRD),NRU
East Asia & Pacific (IDA & IBRD),PLW
East Asia & Pacific (IDA & IBRD),PNG
East Asia & Pacific (IDA & IBRD),PHL
East Asia & Pacific (IDA & IBRD),WSM
East Asia & Pacific (IDA & IBRD),SLB
East Asia & Pacific (IDA & IBRD),THA
East Asia & Pacific (IDA & IBRD),TLS
East Asia & Pacific (IDA & IBRD),TON
East Asia & Pacific (IDA & IBRD),TUV
East Asia & Pacific (IDA & IBRD),VUT
East Asia & Pacific (IDA & IBRD),VNM
Europe & Central Asia (IDA & IBRD),ALB
Europe & Central Asia (IDA & IBRD),ARM
Europe & Central Asia (IDA & IBRD),AZE
Europe & Central Asia (IDA & IBRD),BLR
Europe & Central Asia (IDA & IBRD),BIH
Europe & Central Asia (IDA & IBRD),BGR
Europe & Central Asia (IDA & IBRD),HRV
Europe & Central Asia (IDA & IBRD),GEO
Europe & Central Asia (IDA & IBRD),KAZ
Europe & Central Asia (IDA & IBRD),XKX
Europe & Central Asia (IDA & IBRD),KGZ
Europe & Central Asia (IDA & IBRD),MDA
Europe & Central Asia (IDA & IBRD),MNE
Europe & Central Asia (IDA & IBRD),MKD
Europe & Central Asia (IDA & IBRD),POL
Europe & Central Asia (IDA & IBRD),ROU
Europe & Central Asia (IDA & IBRD),RUS
Europe & Central Asia (IDA & IBRD),SRB
Europe & Central Asia (IDA & IBRD),TJK
Europe & Central Asia (IDA & IBRD),TUR
Europe & Central Asia (IDA & IBRD),TKM
Europe & Central Asia (IDA & IBRD),UKR
Europe & Central Asia (IDA & IBRD),UZB
Latin America & Caribbean (IDA & IBRD),ATG
Latin America & Caribbean (IDA & IBRD),ARG
Latin America & Caribbean (IDA & IBRD),BLZ
Latin America & Caribbean (IDA & IBRD),BOL
Latin America & Caribbean (IDA & IBRD),BRA
Latin America & Caribbean (IDA & IBRD),CHL
Latin America & Caribbean (IDA & IBRD),COL
Latin America & Caribbean (IDA & IBRD),CRI
Latin America & Caribbean (IDA & IBRD),DMA
Latin America & Caribbean (IDA & IBRD),DOM
Latin America & Caribbean (IDA & IBRD),ECU
Latin America & Caribbean (IDA & IBRD),SLV
Latin America & Caribbean (IDA & IBRD),GRD
Latin America & Caribbean (IDA & IBRD),GTM
Latin America & Caribbean (IDA & IBRD),GUY
Latin America & Caribbean (IDA & IBRD),HTI
Latin America & Caribbean (IDA & IBRD),HND
Latin America & Caribbean (IDA & IBRD),JAM
Latin America & Caribbean (IDA & IBRD),MEX
Latin America & Caribbean (IDA & IBRD),NIC
Latin America & Caribbean (IDA & IBRD),PAN
Latin America & Caribbean (IDA & IBRD),PRY
Latin America & Caribbean (IDA & IBRD),PER
Latin America & Caribbean (IDA & IBRD),KNA
Latin America & Caribbean (IDA & IBRD),LCA
Latin America & Caribbean (IDA & IBRD),VCT
Latin America & Caribbean (IDA & IBRD),SUR
Latin America & Caribbean (IDA & IBRD),TTO
Latin America & Caribbean (IDA & IBRD),URY
Latin America & Caribbean (IDA & IBRD),VEN
Middle East & North Africa (IDA & IBRD),DZA
Middle East & North Africa (IDA & IBRD),DJI
Middle East & North Africa (IDA & IBRD),EGY
Middle East & North Africa (IDA & IBRD),IRN
Middle East & North Africa (IDA & IBRD),IRQ
Middle East & North Africa (IDA & IBRD),JOR
Middle East & North Africa (IDA & IBRD),LBN
Middle East & North Africa (IDA & IBRD),LBY
Middle East & North Africa (IDA & IBRD),MAR
Middle East & North Africa (IDA & IBRD),SYR
Middle East & North Africa (IDA & IBRD),TUN
Middle East & North Africa (IDA & IBRD),YEM
South Asia (IDA & IBRD),AFG
South Asia (IDA & IBRD),BGD
South Asia (IDA & IBRD),BTN
South Asia (IDA & IBRD),IND
South Asia (IDA & IBRD),MDV
South Asia (IDA & IBRD),NPL
South Asia (IDA & IBRD),PAK
South Asia (IDA & IBRD),LKA
Sub-Saharan Africa (IDA & IBRD),AGO
Sub-Saharan Africa (IDA & IBRD),BEN
Sub-Saharan Africa (IDA & IBRD),BWA
Sub-Saharan Africa (IDA & IBRD),BFA
Sub-Saharan Africa (IDA & IBRD),BDI
Sub-Saharan Africa (IDA & IBRD),CPV
Sub-Saharan Africa (IDA & IBRD),CMR
Sub-Saharan Africa (IDA & IBRD),CAF
Sub-Saharan Africa (IDA & IBRD),TCD
Sub-Saharan Africa (IDA & IBRD),COM
Sub-Saharan Africa (IDA & IBRD),COD
Sub-Saharan Africa (IDA & IBRD),COG
Sub-Saharan Africa (IDA & IBRD),CIV
Sub-Saharan Africa (IDA & IBRD),GNQ
Sub-Saharan Africa (IDA & IBRD),ERI
Sub-Saharan Africa (IDA & IBRD),SWZ
Sub-Saharan Africa (IDA & IBRD),ETH
Sub-Saharan Africa (IDA & IBRD),GAB
Sub-Saharan Africa (IDA & IBRD),GMB
Sub-Saharan Africa (IDA & IBRD),GHA
Sub-Saharan Africa (IDA & IBRD),GIN
Sub-Saharan Africa (IDA & IBRD),GNB
Sub-Saharan Africa (IDA & IBRD),KEN
Sub-Saharan Africa (IDA & IBRD),LSO
Sub-Saharan Africa (IDA & IBRD),LBR
Sub-Saharan Africa (IDA & IBRD),MDG
Sub-Saharan Africa (IDA & IBRD),MWI
Sub-Saharan Africa (IDA & IBRD),MLI
Sub-Saharan Africa (IDA & IBRD),MRT
Sub-Saharan Africa (IDA & IBRD),MUS
Sub-Saharan Africa (IDA & IBRD),MOZ
Sub-Saharan Africa (IDA & IBRD),NAM
Sub-Saharan Africa (IDA & IBRD),NER
Sub-Saharan Africa (IDA & IBRD),NGA
Sub-Saharan Africa (IDA & IBRD),RWA
Sub-Saharan Africa (IDA & IBRD),STP
Sub-Saharan Africa (IDA & IBRD),SEN
Sub-Saharan Africa (IDA & IBRD),SYC
Sub-Saharan Africa (IDA & IBRD),SLE
Sub-Saharan Africa (IDA & IBRD),SOM
Sub-Saharan Africa (IDA & IBRD),ZAF
Sub-Saharan Africa (IDA & IBRD),SSD
Sub-Saharan Africa (IDA & IBRD),SDN
Sub-Saharan Africa (IDA & IBRD),TZA
Sub-Saharan Africa (IDA & IBRD),TGO
Sub-Saharan Africa (IDA & IBRD),UGA
Sub-Saharan Africa (IDA & IBRD),ZMB
Sub-Saharan Africa (IDA & IBRD),ZWE
Upper middle income,ALB
Upper middle income,ASM
Upper middle income,ARG
Upper middle income,ARM
Upper middle income,AZE
Upper middle income,BLR
Upper middle income,BLZ
Upper middle income,BIH
Upper middle income,BWA
Upper middle income,BRA
Upper middle income,BGR
Upper middle income,CHN
Upper middle income,COL
Upper middle income,CRI
Upper middle income,CUB
Upper middle income,DMA
Upper middle income,DOM
Upper middle income,ECU
Upper middle income,GNQ
Upper middle income,FJI
Upper middle income,GAB
Upper middle income,GEO
Upper middle income,GRD
Upper middle income,GTM
Upper middle income,GUY
Upper middle income,IRQ
Upper middle income,JAM
Upper middle income,JOR
Upper middle income,KAZ
Upper middle income,XKX
Upper middle income,LBY
Upper middle income,MYS
Upper middle income,MDV
Upper middle income,MHL
Upper middle income,MUS
Upper middle income,MEX
Upper middle income,MDA
Upper middle income,MNE
Upper middle income,NAM
Upper middle income,MKD
Upper middle income,PLW
Upper middle income,PRY
Upper middle income,PER
Upper middle income,RUS
Upper middle income,SRB
Upper middle income,ZAF
Upper middle income,LCA
Upper middle income,VCT
Upper middle income,SUR
Upper middle income,THA
Upper middle income,TON
Upper middle income,TUR
Upper middle income,TKM
Upper middle income,TUV
World,AFG
World,ALB
World,DZA
World,ASM
World,AND
World,AGO
World,ATG
World,ARG
World,ARM
World,ABW
World,AUS
World,AUT
World,AZE
World,BHS
World,BHR
World,BGD
World,BRB
World,BLR
World,BEL
World,BLZ
World,BEN
World,BMU
World,BTN
World,BOL
World,BIH
World,BWA
World,BRA
World,VGB
World,BRN
World,BGR
World,BFA
World,BDI
World,CPV
World,KHM
World,CMR
World,CAN
World,CYM
World,CAF
World,TCD
World,CHI
World,CHL
World,CHN
World,COL
World,COM
World,COD
World,COG
World,CRI
World,CIV
World,HRV
World,CUB
World,CUW
World,CYP
World,CZE
World,DNK
World,DJI
World,DMA
World,DOM
World,ECU
World,EGY
World,SLV
World,GNQ
World,ERI
World,EST
World,SWZ
World,ETH
World,FRO
World,FJI
World,FIN
World,FRA
World,PYF
World,GAB
World,GMB
World,GEO
World,DEU
World,GHA
World,GIB
World,GRC
World,GRL
World,GRD
World,GUM
World,GTM
World,GIN
World,GNB
World,GUY
World,HTI
World,HND
World,HKG
World,HUN
World,ISL
World,IND
World,IDN
World,IRN
World,IRQ
World,IRL
World,IMN
World,ISR
World,ITA
World,JAM
World,JPN
World,JOR
World,KAZ
World,KEN
World,KIR
World,PRK
World,KOR
World,XKX
World,KWT
World,KGZ
World,LAO
World,LVA
World,LBN
World,LSO
World,LBR
World,LBY
World,LIE
World,LTU
World,LUX
World,MAC
World,MDG
World,MWI
World,MYS
World,MDV
World,MLI
World,MLT
World,MHL
World,MRT
World,MUS
World,MEX
World,FSM
World,MDA
World,MCO
World,MNG
World,MNE
World,MAR
World,MOZ
World,MMR
World,NAM
World,NRU
World,NPL
World,NLD
World,NCL
World,NZL
World,NIC
World,NER
World,NGA
World,MKD
World,MNP
World,NOR
World,OMN
World,PAK
World,PLW
World,PAN
World,PNG
World,PRY
World,PER
World,PHL
World,POL
World,PRT
World,PRI
World,QAT
World,ROU
World,RUS
World,RWA
World,WSM
World,SMR
World,STP
World,SAU
World,SEN
World,SRB
World,SYC
World,SLE
World,SGP
World,SXM
World,SVK
World,SVN
World,SLB
World,SOM
World,ZAF
World,SSD
World,ESP
World,LKA
World,KNA
World,LCA
World,MAF
World,VCT
World,SDN
World,SUR
World,SWE
World,CHE
World,SYR
World,TWN
World,TJK
World,TZA
World,THA
World,TLS
World,TGO
World,TON
World,TTO
World,TUN
World,TUR
World,TKM
World,TCA
World,TUV
World,UGA
World,UKR
World,ARE
World,GBR
World,USA
World,URY
World,UZB
World,VUT
World,VEN
World,VNM
World,VIR
World,PSE
World,YEM
World,ZMB
World,ZWE
